{
    "custom_editor_type": "custom_editor_icon",
    "describe": "",
    "has_upload": false,
    "key": 134239356,
    "md5": "123803970d320cd2d0995a93d6b0fa8a",
    "name": "gui_frame_hero_orange",
    "path": "ui/134239356",
    "res_name": "gui_frame_hero_orange.png",
    "size": "190X312",
    "sub_type": "icon",
    "uid": "134239356",
    "version": 1,
    "res_type": "editor_icon",
    "import_export_folder_info": "/code_explorer_custom_root_folder_name/\u5f85\u5bfc\u51fa"
}