{
    "custom_editor_type": "custom_editor_icon",
    "describe": "",
    "has_upload": false,
    "key": 134236775,
    "md5": "e94c6e07cf525dd6b015ff1473cf38fd",
    "name": "gui_img_hero_waikuang_xuanzhong_white",
    "path": "ui/134236775",
    "res_name": "gui_img_hero_waikuang_xuanzhong_white.png",
    "size": "96X110",
    "sub_type": "icon",
    "uid": "134236775",
    "url": "https://kk3.nosdn.127.net/editor/png/54ba2ac2d2a27f6b82343ac16a39657c.png",
    "version": 1,
    "res_type": "editor_icon",
    "import_export_folder_info": "/code_explorer_custom_root_folder_name/\u5f85\u5bfc\u51fa"
}