{
    "custom_editor_type": "custom_editor_icon",
    "describe": "",
    "has_upload": false,
    "key": 134239675,
    "md5": "31059d62ae7904f5c629f8cbd228c4d2",
    "name": "1124",
    "path": "ui/134239675",
    "res_name": "1124.png",
    "size": "80X80",
    "sub_type": "icon",
    "uid": "134239675",
    "url": "https://kk3.nosdn.127.net/editor/png/2246f673609261d2d7ba3c2473086c16.png",
    "version": 1,
    "res_type": "editor_icon",
    "import_export_folder_info": "/code_explorer_custom_root_folder_name/\u5f85\u5bfc\u51fa"
}