{
    "custom_editor_type": "custom_editor_icon",
    "describe": "",
    "has_upload": false,
    "key": 134227318,
    "md5": "5dde454df948b8ac116f9d5de65e92fa",
    "name": "1102",
    "path": "ui/134227318",
    "res_name": "1102.png",
    "size": "140X140",
    "sub_type": "icon",
    "uid": "134227318",
    "url": "https://kk3.nosdn.127.net/editor/png/fffa702ecc5f480ff3939fd3e0dd1ded.png",
    "version": 1,
    "res_type": "editor_icon",
    "import_export_folder_info": "/code_explorer_custom_root_folder_name/\u5f85\u5bfc\u51fa"
}