{
    "custom_editor_type": "custom_editor_icon",
    "describe": "",
    "has_upload": false,
    "key": 134275829,
    "md5": "d643da79e3ddf4a1a6fbdee870a9aae3",
    "name": "gui_btn_ranse_open_gry",
    "path": "ui/134275829",
    "res_name": "gui_btn_ranse_open_gry.png",
    "size": "212X212",
    "sub_type": "icon",
    "uid": "134275829",
    "url": "https://kk3.nosdn.127.net/editor/png/32934026ca6c878e0f5ed1675389528b.png",
    "version": 1,
    "res_type": "editor_icon",
    "import_export_folder_info": "/code_explorer_custom_root_folder_name/\u5f85\u5bfc\u51fa"
}