{
    "custom_editor_type": "custom_editor_icon",
    "describe": "",
    "has_upload": false,
    "key": 134278403,
    "md5": "3e1753dc9d69a7765b6456d1538365b2",
    "name": "gui_frame_hero_red",
    "path": "ui/134278403",
    "res_name": "gui_frame_hero_red.png",
    "size": "190X312",
    "sub_type": "icon",
    "uid": "134278403",
    "url": "https://kk3.nosdn.127.net/editor/png/d081dc9c475dc4a43f50b8b49462568f.png",
    "version": 1,
    "res_type": "editor_icon",
    "import_export_folder_info": "/code_explorer_custom_root_folder_name/\u5f85\u5bfc\u51fa"
}