{
    "custom_editor_type": "custom_editor_icon",
    "describe": "",
    "has_upload": false,
    "key": 134219387,
    "md5": "698c14a46386185ccae57b5b01c74d90",
    "name": "1273",
    "path": "ui/134219387",
    "res_name": "1273.png",
    "size": "140X140",
    "sub_type": "icon",
    "uid": "134219387",
    "url": "https://kk3.nosdn.127.net/editor/png/6363fd5a3d7fbfd283fa80dce6f3bcde.png",
    "version": 1,
    "res_type": "editor_icon",
    "import_export_folder_info": "/code_explorer_custom_root_folder_name/\u5f85\u5bfc\u51fa"
}