{
    "custom_editor_type": "custom_editor_icon",
    "describe": "",
    "has_upload": false,
    "key": 134245942,
    "md5": "3842dabf9dc76606a9de819c600b0113",
    "name": "10014",
    "path": "ui/134245942",
    "res_name": "10014.png",
    "size": "140X140",
    "sub_type": "icon",
    "uid": "134245942",
    "url": "https://kk3.nosdn.127.net/editor/png/788ab42effdc61ed25f410b8f10b392f.png",
    "version": 1,
    "res_type": "editor_icon",
    "import_export_folder_info": "/code_explorer_custom_root_folder_name/\u5f85\u5bfc\u51fa"
}