{
    "custom_editor_type": "custom_editor_icon",
    "describe": "",
    "has_upload": false,
    "key": 134236849,
    "md5": "b0527c627e8dac3eed71e6fa06335915",
    "name": "1036",
    "path": "ui/134236849",
    "res_name": "1036.png",
    "size": "140X140",
    "sub_type": "icon",
    "uid": "134236849",
    "url": "https://kk3.nosdn.127.net/editor/png/d8b8a4b82a5a0bd633e898416a7eb929.png",
    "version": 1,
    "res_type": "editor_icon",
    "import_export_folder_info": "/code_explorer_custom_root_folder_name/\u5f85\u5bfc\u51fa"
}