{
    "custom_editor_type": "custom_editor_icon",
    "describe": "",
    "has_upload": false,
    "key": 134236079,
    "md5": "1fd27c633d2be91e6a010c519a8e752f",
    "name": "gui_frame_hero_purple",
    "path": "ui/134236079",
    "res_name": "gui_frame_hero_purple.png",
    "size": "190X312",
    "sub_type": "icon",
    "uid": "134236079",
    "url": "https://kk3.nosdn.127.net/editor/png/2df961fc59f2b3b3643a2a10667dd64b.png",
    "version": 1,
    "res_type": "editor_icon",
    "import_export_folder_info": "/code_explorer_custom_root_folder_name/\u5f85\u5bfc\u51fa"
}