{
    "custom_editor_type": "custom_editor_icon",
    "describe": "",
    "has_upload": false,
    "key": 134277150,
    "md5": "bd80de499aa5e9bee876a5b92f9d3850",
    "name": "5235",
    "path": "ui/134277150",
    "res_name": "5235.png",
    "size": "140X140",
    "sub_type": "icon",
    "uid": "134277150",
    "url": "https://kk3.nosdn.127.net/editor/png/9f91ef47ad2a123aa8058a90dd5fa439.png",
    "version": 1,
    "res_type": "editor_icon",
    "import_export_folder_info": "/code_explorer_custom_root_folder_name/\u5f85\u5bfc\u51fa"
}