{
    "custom_editor_type": "custom_editor_icon",
    "describe": "",
    "has_upload": false,
    "key": 134232150,
    "md5": "be619c77fb10368df322e02173a14ab3",
    "name": "1184",
    "path": "ui/134232150",
    "res_name": "1184.png",
    "size": "80X80",
    "sub_type": "icon",
    "uid": "134232150",
    "url": "https://kk3.nosdn.127.net/editor/png/d0e7cc4a5ce02e62e70bcb86147ada32.png",
    "version": 1,
    "res_type": "editor_icon",
    "import_export_folder_info": "/code_explorer_custom_root_folder_name/\u5f85\u5bfc\u51fa"
}