{
    "custom_editor_type": "custom_editor_icon",
    "describe": "",
    "has_upload": false,
    "key": 134257622,
    "md5": "e1499e9197523564fc8e322aff1e9f06",
    "name": "10040",
    "path": "ui/134257622",
    "res_name": "10040.png",
    "size": "140X140",
    "sub_type": "icon",
    "uid": "134257622",
    "url": "https://kk3.nosdn.127.net/editor/png/d19b5047cd156e6af6028a86a7c24d24.png",
    "version": 1,
    "res_type": "editor_icon",
    "import_export_folder_info": "/code_explorer_custom_root_folder_name/\u5f85\u5bfc\u51fa"
}