{
    "custom_editor_type": "custom_editor_icon",
    "describe": "",
    "has_upload": false,
    "key": 134235194,
    "md5": "8a97cf7906bf74e0d7b45651a2d24856",
    "name": "medal_sp_33",
    "path": "ui/134235194",
    "res_name": "medal_sp_33.png",
    "size": "50X50",
    "sub_type": "icon",
    "uid": "134235194",
    "url": "https://kk3.nosdn.127.net/editor/png/65130951baef3050829544cb821bb9a1.png",
    "version": 1,
    "res_type": "editor_icon",
    "import_export_folder_info": "/code_explorer_custom_root_folder_name/\u5f85\u5bfc\u51fa"
}