{
    "custom_editor_type": "custom_editor_icon",
    "describe": "",
    "has_upload": false,
    "key": 134250367,
    "md5": "58950712ed3e7bffd6ca99a72ec134f4",
    "name": "10054",
    "path": "ui/134250367",
    "res_name": "10054.png",
    "size": "140X140",
    "sub_type": "icon",
    "uid": "134250367",
    "url": "https://kk3.nosdn.127.net/editor/png/e38111cdf180a4536264dbaec6393705.png",
    "version": 1,
    "res_type": "editor_icon",
    "import_export_folder_info": "/code_explorer_custom_root_folder_name/\u5f85\u5bfc\u51fa"
}