{
    "custom_editor_type": "custom_editor_icon",
    "describe": "",
    "has_upload": false,
    "key": 134250640,
    "md5": "068b9fda2dfac2230023ee62a6be3c08",
    "name": "1 (2)",
    "path": "ui/134250640",
    "res_name": "1 (2).png",
    "size": "218X218",
    "sub_type": "icon",
    "uid": "134250640",
    "url": "https://kk3.nosdn.127.net/editor/png/b9d1ec3b10b4f993b030e73b79f361eb.png",
    "version": 1,
    "res_type": "editor_icon",
    "import_export_folder_info": "/code_explorer_custom_root_folder_name/\u5f85\u5bfc\u51fa"
}