{
    "custom_editor_type": "custom_editor_icon",
    "describe": "",
    "has_upload": false,
    "key": 134220880,
    "md5": "1de2a36f4c820600e1ae05ad7b2f6447",
    "name": "frame_700w_1",
    "path": "ui/134220880",
    "res_name": "frame_700w.png",
    "size": "125X125",
    "sub_type": "icon",
    "uid": "134220880",
    "url": "https://kk3.nosdn.127.net/editor/png/70f48b9411291ed08ee50b5db8e72dfe.png",
    "version": 1,
    "res_type": "editor_icon",
    "import_export_folder_info": "/code_explorer_custom_root_folder_name/\u5f85\u5bfc\u51fa"
}