{
    "custom_editor_type": "custom_editor_icon",
    "describe": "",
    "has_upload": false,
    "key": 134244205,
    "md5": "b9ae7339c92bffe82c3ebeb7d24a72c1",
    "name": "gui_frame_hero_green",
    "path": "ui/134244205",
    "res_name": "gui_frame_hero_green.png",
    "size": "190X312",
    "sub_type": "icon",
    "uid": "134244205",
    "version": 1,
    "res_type": "editor_icon",
    "import_export_folder_info": "/code_explorer_custom_root_folder_name/\u5f85\u5bfc\u51fa"
}