{
    "custom_editor_type": "custom_editor_icon",
    "describe": "",
    "has_upload": false,
    "key": 134242500,
    "md5": "742cc02add14d9670f32b5a34311acc8",
    "name": "3 (3)",
    "path": "ui/134242500",
    "res_name": "3 (3).png",
    "size": "218X218",
    "sub_type": "icon",
    "uid": "134242500",
    "url": "https://kk3.nosdn.127.net/editor/png/2f28cfbb9e972ac01997cf2d021ddff3.png",
    "version": 1,
    "res_type": "editor_icon",
    "import_export_folder_info": "/code_explorer_custom_root_folder_name/\u5f85\u5bfc\u51fa"
}