{
    "custom_editor_type": "custom_editor_icon",
    "describe": "",
    "has_upload": false,
    "key": 134220633,
    "md5": "a45a2ed380b6089aa89c1717bdbf1093",
    "name": "gui_bbs_playerinfo_head_normal_nor",
    "path": "ui/134220633",
    "res_name": "gui_bbs_playerinfo_head_normal_nor.png",
    "size": "124X124",
    "sub_type": "icon",
    "uid": "134220633",
    "url": "https://kk3.nosdn.127.net/editor/png/ffff87ff74f87e5bad269fd199604412.png",
    "version": 1,
    "res_type": "editor_icon",
    "import_export_folder_info": "/code_explorer_custom_root_folder_name/\u5f85\u5bfc\u51fa"
}