{
    "custom_editor_type": "custom_editor_icon",
    "describe": "",
    "has_upload": false,
    "key": 134239941,
    "md5": "91897c36f430e605964a5335c88fb6d7",
    "name": "10125",
    "path": "ui/134239941",
    "res_name": "10125.png",
    "size": "140X140",
    "sub_type": "icon",
    "uid": "134239941",
    "url": "https://kk3.nosdn.127.net/editor/png/dab21e6cc6b9047f946c0e29df013223.png",
    "version": 1,
    "res_type": "editor_icon",
    "import_export_folder_info": "/code_explorer_custom_root_folder_name/\u5f85\u5bfc\u51fa"
}