{
    "custom_editor_type": "custom_editor_icon",
    "describe": "",
    "has_upload": false,
    "key": 134232600,
    "md5": "d3c7067a822c574913cb2971e7e000f9",
    "name": "5 (3)",
    "path": "ui/134232600",
    "res_name": "5 (3).png",
    "size": "218X218",
    "sub_type": "icon",
    "uid": "134232600",
    "url": "https://kk3.nosdn.127.net/editor/png/8f8ec08c6c5e0dc2232e5e3cde01301e.png",
    "version": 1,
    "res_type": "editor_icon",
    "import_export_folder_info": "/code_explorer_custom_root_folder_name/\u5f85\u5bfc\u51fa"
}