{
    "custom_editor_type": "custom_editor_icon",
    "describe": "",
    "has_upload": false,
    "key": 134239465,
    "md5": "4f330be7bb521bfb310772b4240638e6",
    "name": "ready_btn_dow",
    "path": "ui/134239465",
    "res_name": "ready_btn_dow.png",
    "size": "361X86",
    "sub_type": "icon",
    "uid": "134239465",
    "url": "https://kk3.nosdn.127.net/editor/png/b0f52023c32ff0c8088a9c29b65e1f58.png",
    "version": 1,
    "res_type": "editor_icon",
    "import_export_folder_info": "/code_explorer_custom_root_folder_name/\u5f85\u5bfc\u51fa"
}